#El presente archivo contiene datos de clientes separados en filas y por , (comas)
#Cada fila del archivo contiene la información de los clientes separada por comas. 
#Cada cliente contienen los atributos:
#<nombre>,<apellido>,<email>,<activo>,<fecha de alta>,<hora de alta [desestimar]>,<importe pagado>
#A partir de la importación de los datos ACTIVOS (el atributo activo con valor 1) del archivo 
# crear un vector de registros de clientes y con dichos datos cargados se necesita que la aplicación pueda:   
# 1) Mostrar Nombre y Apellido  Email y Fecha  de todos los clientes.               
# 2) Filtrar y Mostrar solo los clientes cuyo appellido comienza con la letra l que se carga por teclado 
# mostrando además en algun lado el total pagado por el grupo de clientes filtrado.
# 4) Finalmente generar un nuevo archivo de texto separado por comas con una línea por registro que guarde 
# solo los registros que tienen un importe pagado mayor al promedio general de importe pagado de todos los clientes.
AARON,SELBY,AARON.SELBY@sakilacustomer.org,1,14/02/2006,22:04,110.76
ADAM,GOOCH,ADAM.GOOCH@sakilacustomer.org,1,14/02/2006,22:04,101.78
ADRIAN,CLARY,ADRIAN.CLARY@sakilacustomer.org,1,14/02/2006,22:04,74.81
AGNES,BISHOP,AGNES.BISHOP@sakilacustomer.org,1,14/02/2006,22:04,98.77
ALAN,KAHN,ALAN.KAHN@sakilacustomer.org,1,14/02/2006,22:04,124.74
ALBERT,CROUSE,ALBERT.CROUSE@sakilacustomer.org,1,14/02/2006,22:04,99.77
ALBERTO,HENNING,ALBERTO.HENNING@sakilacustomer.org,1,14/02/2006,22:04,66.79
ALEX,GRESHAM,ALEX.GRESHAM@sakilacustomer.org,1,14/02/2006,22:04,151.67
ALEXANDER,FENNELL,ALEXANDER.FENNELL@sakilacustomer.org,1,14/02/2006,22:04,151.64
ALFRED,CASILLAS,ALFRED.CASILLAS@sakilacustomer.org,1,14/02/2006,22:04,120.74
ALFREDO,MCADAMS,ALFREDO.MCADAMS@sakilacustomer.org,1,14/02/2006,22:04,85.80
ALICE,STEWART,ALICE.STEWART@sakilacustomer.org,1,14/02/2006,22:04,138.67
ALICIA,MILLS,ALICIA.MILLS@sakilacustomer.org,1,14/02/2006,22:04,83.79
ALLAN,CORNISH,ALLAN.CORNISH@sakilacustomer.org,1,14/02/2006,22:04,79.81
ALLEN,BUTTERFIELD,ALLEN.BUTTERFIELD@sakilacustomer.org,1,14/02/2006,22:04,85.79
ALLISON,STANLEY,ALLISON.STANLEY@sakilacustomer.org,1,14/02/2006,22:04,92.73
ALMA,AUSTIN,ALMA.AUSTIN@sakilacustomer.org,1,14/02/2006,22:04,151.65
ALVIN,DELOACH,ALVIN.DELOACH@sakilacustomer.org,1,14/02/2006,22:04,139.71
AMANDA,CARTER,AMANDA.CARTER@sakilacustomer.org,1,14/02/2006,22:04,110.73
AMBER,DIXON,AMBER.DIXON@sakilacustomer.org,1,14/02/2006,22:04,113.73
AMY,LOPEZ,AMY.LOPEZ@sakilacustomer.org,1,14/02/2006,22:04,127.71
ANA,BRADLEY,ANA.BRADLEY@sakilacustomer.org,1,14/02/2006,22:04,174.66
ANDRE,RAPP,ANDRE.RAPP@sakilacustomer.org,1,14/02/2006,22:04,126.72
ANDREA,HENDERSON,ANDREA.HENDERSON@sakilacustomer.org,1,14/02/2006,22:04,93.78
ANDREW,PURDY,ANDREW.PURDY@sakilacustomer.org,1,14/02/2006,22:04,109.73
ANDY,VANHORN,ANDY.VANHORN@sakilacustomer.org,1,14/02/2006,22:04,113.75
ANGEL,BARCLAY,ANGEL.BARCLAY@sakilacustomer.org,1,14/02/2006,22:04,115.68
ANGELA,HERNANDEZ,ANGELA.HERNANDEZ@sakilacustomer.org,1,14/02/2006,22:04,140.64
ANITA,MORALES,ANITA.MORALES@sakilacustomer.org,1,14/02/2006,22:04,62.85
ANN,EVANS,ANN.EVANS@sakilacustomer.org,1,14/02/2006,22:04,76.83
ANNA,HILL,ANNA.HILL@sakilacustomer.org,1,14/02/2006,22:04,91.79
ANNE,POWELL,ANNE.POWELL@sakilacustomer.org,1,14/02/2006,22:04,87.77
ANNETTE,OLSON,ANNETTE.OLSON@sakilacustomer.org,1,14/02/2006,22:04,98.76
ANNIE,RUSSELL,ANNIE.RUSSELL@sakilacustomer.org,1,14/02/2006,22:04,58.82
ANTHONY,SCHWAB,ANTHONY.SCHWAB@sakilacustomer.org,1,14/02/2006,22:04,71.80
ANTONIO,MEEK,ANTONIO.MEEK@sakilacustomer.org,1,14/02/2006,22:04,78.84
APRIL,BURNS,APRIL.BURNS@sakilacustomer.org,1,14/02/2006,22:04,94.74
ARLENE,HARVEY,ARLENE.HARVEY@sakilacustomer.org,1,14/02/2006,22:04,120.74
ARMANDO,GRUBER,ARMANDO.GRUBER@sakilacustomer.org,1,14/02/2006,22:04,83.79
ARNOLD,HAVENS,ARNOLD.HAVENS@sakilacustomer.org,1,14/02/2006,22:04,167.67
ARTHUR,SIMPKINS,ARTHUR.SIMPKINS@sakilacustomer.org,1,14/02/2006,22:04,155.68
ASHLEY,RICHARDSON,ASHLEY.RICHARDSON@sakilacustomer.org,1,14/02/2006,22:04,112.75
AUDREY,RAY,AUDREY.RAY@sakilacustomer.org,1,14/02/2006,22:04,119.71
AUSTIN,CINTRON,AUSTIN.CINTRON@sakilacustomer.org,1,14/02/2006,22:04,83.81
BARBARA,JONES,BARBARA.JONES@sakilacustomer.org,1,14/02/2006,22:04,81.78
BARRY,LOVELACE,BARRY.LOVELACE@sakilacustomer.org,1,14/02/2006,22:04,134.67
BEATRICE,ARNOLD,BEATRICE.ARNOLD@sakilacustomer.org,1,14/02/2006,22:04,119.74
BECKY,MILES,BECKY.MILES@sakilacustomer.org,1,14/02/2006,22:04,115.71
BEN,EASTER,BEN.EASTER@sakilacustomer.org,0,14/02/2006,22:04,122.74
BENJAMIN,VARNEY,BENJAMIN.VARNEY@sakilacustomer.org,1,14/02/2006,22:04,95.77
BERNARD,COLBY,BERNARD.COLBY@sakilacustomer.org,1,14/02/2006,22:04,88.78
BERNICE,WILLIS,BERNICE.WILLIS@sakilacustomer.org,1,14/02/2006,22:04,145.67
BERTHA,FERGUSON,BERTHA.FERGUSON@sakilacustomer.org,1,14/02/2006,22:04,101.75
BESSIE,MORRISON,BESSIE.MORRISON@sakilacustomer.org,1,14/02/2006,22:04,132.72
BETH,FRANKLIN,BETH.FRANKLIN@sakilacustomer.org,1,14/02/2006,22:04,103.75
BETTY,WHITE,BETTY.WHITE@sakilacustomer.org,1,14/02/2006,22:04,117.72
BEVERLY,BROOKS,BEVERLY.BROOKS@sakilacustomer.org,1,14/02/2006,22:04,97.76
BILL,GAVIN,BILL.GAVIN@sakilacustomer.org,1,14/02/2006,22:04,114.72
BILLIE,HORTON,BILLIE.HORTON@sakilacustomer.org,1,14/02/2006,22:04,88.74
BILLY,POULIN,BILLY.POULIN@sakilacustomer.org,1,14/02/2006,22:04,149.65
BOB,PFEIFFER,BOB.PFEIFFER@sakilacustomer.org,1,14/02/2006,22:04,91.76
BOBBIE,CRAIG,BOBBIE.CRAIG@sakilacustomer.org,1,14/02/2006,22:04,80.76
BOBBY,BOUDREAU,BOBBY.BOUDREAU@sakilacustomer.org,1,14/02/2006,22:04,106.65
BONNIE,HUGHES,BONNIE.HUGHES@sakilacustomer.org,1,14/02/2006,22:04,87.79
BRAD,MCCURDY,BRAD.MCCURDY@sakilacustomer.org,1,14/02/2006,22:04,105.75
BRADLEY,MOTLEY,BRADLEY.MOTLEY@sakilacustomer.org,1,14/02/2006,22:04,126.73
BRANDON,HUEY,BRANDON.HUEY@sakilacustomer.org,1,14/02/2006,22:04,152.63
BRANDY,GRAVES,BRANDY.GRAVES@sakilacustomer.org,1,14/02/2006,22:04,122.72
BRENDA,WRIGHT,BRENDA.WRIGHT@sakilacustomer.org,1,14/02/2006,22:04,104.74
BRENT,HARKINS,BRENT.HARKINS@sakilacustomer.org,1,14/02/2006,22:04,112.77
BRETT,CORNWELL,BRETT.CORNWELL@sakilacustomer.org,1,14/02/2006,22:04,138.66
BRIAN,WYMAN,BRIAN.WYMAN@sakilacustomer.org,1,14/02/2006,22:04,52.88
BRITTANY,RILEY,BRITTANY.RILEY@sakilacustomer.org,1,14/02/2006,22:04,159.72
BRUCE,SCHWARZ,BRUCE.SCHWARZ@sakilacustomer.org,1,14/02/2006,22:04,103.77
BRYAN,HARDISON,BRYAN.HARDISON@sakilacustomer.org,1,14/02/2006,22:04,124.72
BYRON,BOX,BYRON.BOX@sakilacustomer.org,1,14/02/2006,22:04,120.71
CALVIN,MARTEL,CALVIN.MARTEL@sakilacustomer.org,1,14/02/2006,22:04,111.77
CARL,ARTIS,CARL.ARTIS@sakilacustomer.org,1,14/02/2006,22:04,106.77
CARLA,GUTIERREZ,CARLA.GUTIERREZ@sakilacustomer.org,1,14/02/2006,22:04,103.74
CARLOS,COUGHLIN,CARLOS.COUGHLIN@sakilacustomer.org,1,14/02/2006,22:04,106.77
CARMEN,OWENS,CARMEN.OWENS@sakilacustomer.org,1,14/02/2006,22:04,97.74
CAROL,GARCIA,CAROL.GARCIA@sakilacustomer.org,1,14/02/2006,22:04,91.78
CAROLE,BARNETT,CAROLE.BARNETT@sakilacustomer.org,1,14/02/2006,22:04,108.70
CAROLINE,BOWMAN,CAROLINE.BOWMAN@sakilacustomer.org,1,14/02/2006,22:04,50.85
CAROLYN,PEREZ,CAROLYN.PEREZ@sakilacustomer.org,1,14/02/2006,22:04,117.70
CARRIE,PORTER,CARRIE.PORTER@sakilacustomer.org,1,14/02/2006,22:04,124.66
CASEY,MENA,CASEY.MENA@sakilacustomer.org,1,14/02/2006,22:04,141.66
CASSANDRA,WALTERS,CASSANDRA.WALTERS@sakilacustomer.org,1,14/02/2006,22:04,129.70
CATHERINE,CAMPBELL,CATHERINE.CAMPBELL@sakilacustomer.org,1,14/02/2006,22:04,142.66
CATHY,SPENCER,CATHY.SPENCER@sakilacustomer.org,1,14/02/2006,22:04,122.71
CECIL,VINES,CECIL.VINES@sakilacustomer.org,1,14/02/2006,22:04,115.74
CHAD,CARBONE,CHAD.CARBONE@sakilacustomer.org,1,14/02/2006,22:04,89.75
CHARLENE,ALVAREZ,CHARLENE.ALVAREZ@sakilacustomer.org,1,14/02/2006,22:04,114.73
CHARLES,KOWALSKI,CHARLES.KOWALSKI@sakilacustomer.org,1,14/02/2006,22:04,138.68
CHARLIE,BESS,CHARLIE.BESS@sakilacustomer.org,1,14/02/2006,22:04,120.74
CHARLOTTE,HUNTER,CHARLOTTE.HUNTER@sakilacustomer.org,1,14/02/2006,22:04,93.76
CHERYL,MURPHY,CHERYL.MURPHY@sakilacustomer.org,1,14/02/2006,22:04,133.73
CHESTER,BENNER,CHESTER.BENNER@sakilacustomer.org,1,14/02/2006,22:04,99.76
CHRIS,BROTHERS,CHRIS.BROTHERS@sakilacustomer.org,1,14/02/2006,22:04,84.78
CHRISTIAN,JUNG,CHRISTIAN.JUNG@sakilacustomer.org,0,14/02/2006,22:04,88.76
CHRISTINA,RAMIREZ,CHRISTINA.RAMIREZ@sakilacustomer.org,1,14/02/2006,22:04,80.82
CHRISTINE,ROBERTS,CHRISTINE.ROBERTS@sakilacustomer.org,1,14/02/2006,22:04,99.76
CHRISTOPHER,GRECO,CHRISTOPHER.GRECO@sakilacustomer.org,1,14/02/2006,22:04,147.69
CHRISTY,VARGAS,CHRISTY.VARGAS@sakilacustomer.org,1,14/02/2006,22:04,122.69
CINDY,FISHER,CINDY.FISHER@sakilacustomer.org,1,14/02/2006,22:04,113.71
CLARA,SHAW,CLARA.SHAW@sakilacustomer.org,1,14/02/2006,22:04,195.58
CLARENCE,GAMEZ,CLARENCE.GAMEZ@sakilacustomer.org,1,14/02/2006,22:04,104.70
CLAUDE,HERZOG,CLAUDE.HERZOG@sakilacustomer.org,1,14/02/2006,22:04,111.75
CLAUDIA,FULLER,CLAUDIA.FULLER@sakilacustomer.org,1,14/02/2006,22:04,111.74
CLAYTON,BARBEE,CLAYTON.BARBEE@sakilacustomer.org,1,14/02/2006,22:04,96.74
CLIFFORD,BOWENS,CLIFFORD.BOWENS@sakilacustomer.org,1,14/02/2006,22:04,113.71
CLIFTON,MALCOLM,CLIFTON.MALCOLM@sakilacustomer.org,1,14/02/2006,22:04,118.72
CLINTON,BUFORD,CLINTON.BUFORD@sakilacustomer.org,1,14/02/2006,22:04,103.75
CLYDE,TOBIAS,CLYDE.TOBIAS@sakilacustomer.org,1,14/02/2006,22:04,115.71
CODY,NOLEN,CODY.NOLEN@sakilacustomer.org,1,14/02/2006,22:04,98.78
COLLEEN,BURTON,COLLEEN.BURTON@sakilacustomer.org,1,14/02/2006,22:04,87.76
CONNIE,WALLACE,CONNIE.WALLACE@sakilacustomer.org,1,14/02/2006,22:04,100.77
CONSTANCE,REID,CONSTANCE.REID@sakilacustomer.org,1,14/02/2006,22:04,95.75
COREY,HAUSER,COREY.HAUSER@sakilacustomer.org,1,14/02/2006,22:04,101.78
CORY,MEEHAN,CORY.MEEHAN@sakilacustomer.org,1,14/02/2006,22:04,81.76
COURTNEY,DAY,COURTNEY.DAY@sakilacustomer.org,1,14/02/2006,22:04,132.68
CRAIG,MORRELL,CRAIG.MORRELL@sakilacustomer.org,1,14/02/2006,22:04,124.70
CRYSTAL,FORD,CRYSTAL.FORD@sakilacustomer.org,1,14/02/2006,22:04,137.67
CURTIS,IRBY,CURTIS.IRBY@sakilacustomer.org,1,14/02/2006,22:04,167.62
CYNTHIA,YOUNG,CYNTHIA.YOUNG@sakilacustomer.org,1,14/02/2006,22:04,111.68
DAISY,BATES,DAISY.BATES@sakilacustomer.org,1,14/02/2006,22:04,162.62
DALE,RATCLIFF,DALE.RATCLIFF@sakilacustomer.org,1,14/02/2006,22:04,112.73
DAN,PAINE,DAN.PAINE@sakilacustomer.org,1,14/02/2006,22:04,109.78
DANA,HART,DANA.HART@sakilacustomer.org,1,14/02/2006,22:04,133.71
DANIEL,CABRAL,DANIEL.CABRAL@sakilacustomer.org,1,14/02/2006,22:04,97.80
DANIELLE,DANIELS,DANIELLE.DANIELS@sakilacustomer.org,1,14/02/2006,22:04,105.75
DANNY,ISOM,DANNY.ISOM@sakilacustomer.org,1,14/02/2006,22:04,91.79
DARLENE,ROSE,DARLENE.ROSE@sakilacustomer.org,1,14/02/2006,22:04,113.69
DARRELL,POWER,DARRELL.POWER@sakilacustomer.org,1,14/02/2006,22:04,91.75
DARREN,WINDHAM,DARREN.WINDHAM@sakilacustomer.org,1,14/02/2006,22:04,108.76
DARRYL,ASHCRAFT,DARRYL.ASHCRAFT@sakilacustomer.org,1,14/02/2006,22:04,76.77
DARYL,LARUE,DARYL.LARUE@sakilacustomer.org,1,14/02/2006,22:04,111.73
DAVE,GARDINER,DAVE.GARDINER@sakilacustomer.org,1,14/02/2006,22:04,134.68
DAVID,ROYAL,DAVID.ROYAL@sakilacustomer.org,1,14/02/2006,22:04,115.74
DAWN,SULLIVAN,DAWN.SULLIVAN@sakilacustomer.org,1,14/02/2006,22:04,120.74
DEAN,SAUER,DEAN.SAUER@sakilacustomer.org,1,14/02/2006,22:04,109.73
DEANNA,BYRD,DEANNA.BYRD@sakilacustomer.org,1,14/02/2006,22:04,107.74
DEBBIE,REYES,DEBBIE.REYES@sakilacustomer.org,1,14/02/2006,22:04,130.68
DEBORAH,WALKER,DEBORAH.WALKER@sakilacustomer.org,1,14/02/2006,22:04,115.71
DEBRA,NELSON,DEBRA.NELSON@sakilacustomer.org,1,14/02/2006,22:04,141.71
DELORES,HANSEN,DELORES.HANSEN@sakilacustomer.org,1,14/02/2006,22:04,91.79
DENISE,KELLY,DENISE.KELLY@sakilacustomer.org,1,14/02/2006,22:04,103.73
DENNIS,GILMAN,DENNIS.GILMAN@sakilacustomer.org,1,14/02/2006,22:04,114.72
DEREK,BLAKELY,DEREK.BLAKELY@sakilacustomer.org,1,14/02/2006,22:04,97.72
DERRICK,BOURQUE,DERRICK.BOURQUE@sakilacustomer.org,1,14/02/2006,22:04,95.78
DIANA,ALEXANDER,DIANA.ALEXANDER@sakilacustomer.org,1,14/02/2006,22:04,105.73
DIANE,COLLINS,DIANE.COLLINS@sakilacustomer.org,1,14/02/2006,22:04,169.65
DIANNE,SHELTON,DIANNE.SHELTON@sakilacustomer.org,1,14/02/2006,22:04,135.69
DOLORES,WAGNER,DOLORES.WAGNER@sakilacustomer.org,1,14/02/2006,22:04,114.74
DON,BONE,DON.BONE@sakilacustomer.org,1,14/02/2006,22:04,133.75
DONALD,MAHON,DONALD.MAHON@sakilacustomer.org,1,14/02/2006,22:04,89.77
DONNA,THOMPSON,DONNA.THOMPSON@sakilacustomer.org,1,14/02/2006,22:04,98.79
DORA,MEDINA,DORA.MEDINA@sakilacustomer.org,1,14/02/2006,22:04,107.77
DORIS,REED,DORIS.REED@sakilacustomer.org,1,14/02/2006,22:04,100.78
DOROTHY,TAYLOR,DOROTHY.TAYLOR@sakilacustomer.org,1,14/02/2006,22:04,99.75
DOUGLAS,GRAF,DOUGLAS.GRAF@sakilacustomer.org,1,14/02/2006,22:04,114.75
DUANE,TUBBS,DUANE.TUBBS@sakilacustomer.org,1,14/02/2006,22:04,148.69
DUSTIN,GILLETTE,DUSTIN.GILLETTE@sakilacustomer.org,1,14/02/2006,22:04,100.74
DWAYNE,OLVERA,DWAYNE.OLVERA@sakilacustomer.org,1,14/02/2006,22:04,101.78
DWIGHT,LOMBARDI,DWIGHT.LOMBARDI@sakilacustomer.org,1,14/02/2006,22:04,74.83
EARL,SHANKS,EARL.SHANKS@sakilacustomer.org,1,14/02/2006,22:04,111.73
EDDIE,TOMLIN,EDDIE.TOMLIN@sakilacustomer.org,1,14/02/2006,22:04,128.73
EDGAR,RHOADS,EDGAR.RHOADS@sakilacustomer.org,1,14/02/2006,22:04,95.75
EDITH,MCDONALD,EDITH.MCDONALD@sakilacustomer.org,1,14/02/2006,22:04,71.81
EDNA,WEST,EDNA.WEST@sakilacustomer.org,1,14/02/2006,22:04,107.74
EDUARDO,HIATT,EDUARDO.HIATT@sakilacustomer.org,1,14/02/2006,22:04,130.73
EDWARD,BAUGH,EDWARD.BAUGH@sakilacustomer.org,1,14/02/2006,22:04,114.72
EDWIN,BURK,EDWIN.BURK@sakilacustomer.org,1,14/02/2006,22:04,116.77
EILEEN,CARR,EILEEN.CARR@sakilacustomer.org,1,14/02/2006,22:04,80.82
ELAINE,STEVENS,ELAINE.STEVENS@sakilacustomer.org,1,14/02/2006,22:04,107.76
ELEANOR,HUNT,ELEANOR.HUNT@sakilacustomer.org,1,14/02/2006,22:04,216.54
ELIZABETH,BROWN,ELIZABETH.BROWN@sakilacustomer.org,1,14/02/2006,22:04,144.62
ELLA,OLIVER,ELLA.OLIVER@sakilacustomer.org,1,14/02/2006,22:04,137.69
ELLEN,SIMPSON,ELLEN.SIMPSON@sakilacustomer.org,1,14/02/2006,22:04,117.72
ELMER,NOE,ELMER.NOE@sakilacustomer.org,1,14/02/2006,22:04,98.74
ELSIE,KELLEY,ELSIE.KELLEY@sakilacustomer.org,1,14/02/2006,22:04,141.63
EMILY,DIAZ,EMILY.DIAZ@sakilacustomer.org,1,14/02/2006,22:04,91.76
EMMA,BOYD,EMMA.BOYD@sakilacustomer.org,1,14/02/2006,22:04,94.77
ENRIQUE,FORSYTHE,ENRIQUE.FORSYTHE@sakilacustomer.org,1,14/02/2006,22:04,96.72
ERIC,ROBERT,ERIC.ROBERT@sakilacustomer.org,1,14/02/2006,22:04,122.73
ERICA,MATTHEWS,ERICA.MATTHEWS@sakilacustomer.org,0,14/02/2006,22:04,95.78
ERIK,GUILLEN,ERIK.GUILLEN@sakilacustomer.org,1,14/02/2006,22:04,118.71
ERIKA,PENA,ERIKA.PENA@sakilacustomer.org,1,14/02/2006,22:04,101.74
ERIN,DUNN,ERIN.DUNN@sakilacustomer.org,1,14/02/2006,22:04,106.73
ERNEST,STEPP,ERNEST.STEPP@sakilacustomer.org,1,14/02/2006,22:04,89.75
ESTHER,CRAWFORD,ESTHER.CRAWFORD@sakilacustomer.org,1,14/02/2006,22:04,95.72
ETHEL,WEBB,ETHEL.WEBB@sakilacustomer.org,1,14/02/2006,22:04,135.68
EUGENE,CULPEPPER,EUGENE.CULPEPPER@sakilacustomer.org,1,14/02/2006,22:04,71.81
EVA,RAMOS,EVA.RAMOS@sakilacustomer.org,1,14/02/2006,22:04,83.82
EVELYN,MORGAN,EVELYN.MORGAN@sakilacustomer.org,1,14/02/2006,22:04,114.72
EVERETT,BANDA,EVERETT.BANDA@sakilacustomer.org,1,14/02/2006,22:04,110.72
FELICIA,SUTTON,FELICIA.SUTTON@sakilacustomer.org,1,14/02/2006,22:04,86.72
FELIX,GAFFNEY,FELIX.GAFFNEY@sakilacustomer.org,1,14/02/2006,22:04,73.76
FERNANDO,CHURCHILL,FERNANDO.CHURCHILL@sakilacustomer.org,1,14/02/2006,22:04,117.75
FLORENCE,WOODS,FLORENCE.WOODS@sakilacustomer.org,1,14/02/2006,22:04,126.70
FLOYD,GANDY,FLOYD.GANDY@sakilacustomer.org,1,14/02/2006,22:04,69.83
FRANCES,PARKER,FRANCES.PARKER@sakilacustomer.org,1,14/02/2006,22:04,108.78
FRANCIS,SIKES,FRANCIS.SIKES@sakilacustomer.org,1,14/02/2006,22:04,104.74
FRANCISCO,SKIDMORE,FRANCISCO.SKIDMORE@sakilacustomer.org,1,14/02/2006,22:04,98.78
FRANK,WAGGONER,FRANK.WAGGONER@sakilacustomer.org,1,14/02/2006,22:04,127.68
FRANKLIN,TROUTMAN,FRANKLIN.TROUTMAN@sakilacustomer.org,1,14/02/2006,22:04,74.78
FRED,WHEAT,FRED.WHEAT@sakilacustomer.org,1,14/02/2006,22:04,88.75
FREDDIE,DUGGAN,FREDDIE.DUGGAN@sakilacustomer.org,1,14/02/2006,22:04,99.75
FREDERICK,ISBELL,FREDERICK.ISBELL@sakilacustomer.org,1,14/02/2006,22:04,105.79
GABRIEL,HARDER,GABRIEL.HARDER@sakilacustomer.org,1,14/02/2006,22:04,111.74
GAIL,KNIGHT,GAIL.KNIGHT@sakilacustomer.org,1,14/02/2006,22:04,109.75
GARY,COY,GARY.COY@sakilacustomer.org,1,14/02/2006,22:04,103.75
GENE,SANBORN,GENE.SANBORN@sakilacustomer.org,1,14/02/2006,22:04,97.73
GEORGE,LINTON,GEORGE.LINTON@sakilacustomer.org,1,14/02/2006,22:04,131.67
GEORGIA,JACOBS,GEORGIA.JACOBS@sakilacustomer.org,1,14/02/2006,22:04,110.74
GERALD,FULTZ,GERALD.FULTZ@sakilacustomer.org,1,14/02/2006,22:04,121.70
GERALDINE,PERKINS,GERALDINE.PERKINS@sakilacustomer.org,1,14/02/2006,22:04,112.70
GERTRUDE,CASTILLO,GERTRUDE.CASTILLO@sakilacustomer.org,1,14/02/2006,22:04,137.66
GILBERT,SLEDGE,GILBERT.SLEDGE@sakilacustomer.org,1,14/02/2006,22:04,129.72
GINA,WILLIAMSON,GINA.WILLIAMSON@sakilacustomer.org,1,14/02/2006,22:04,111.72
GLADYS,HAMILTON,GLADYS.HAMILTON@sakilacustomer.org,1,14/02/2006,22:04,146.69
GLEN,TALBERT,GLEN.TALBERT@sakilacustomer.org,1,14/02/2006,22:04,113.74
GLENDA,FRAZIER,GLENDA.FRAZIER@sakilacustomer.org,1,14/02/2006,22:04,140.68
GLENN,PULLEN,GLENN.PULLEN@sakilacustomer.org,1,14/02/2006,22:04,93.77
GLORIA,COOK,GLORIA.COOK@sakilacustomer.org,1,14/02/2006,22:04,135.70
GORDON,ALLARD,GORDON.ALLARD@sakilacustomer.org,1,14/02/2006,22:04,160.68
GRACE,ELLIS,GRACE.ELLIS@sakilacustomer.org,1,14/02/2006,22:04,139.67
GREG,ROBINS,GREG.ROBINS@sakilacustomer.org,1,14/02/2006,22:04,141.70
GREGORY,MAULDIN,GREGORY.MAULDIN@sakilacustomer.org,1,14/02/2006,22:04,78.77
GUY,BROWNLEE,GUY.BROWNLEE@sakilacustomer.org,1,14/02/2006,22:04,159.68
GWENDOLYN,MAY,GWENDOLYN.MAY@sakilacustomer.org,1,14/02/2006,22:04,98.75
HAROLD,MARTINO,HAROLD.MARTINO@sakilacustomer.org,1,14/02/2006,22:04,130.68
HARRY,ARCE,HARRY.ARCE@sakilacustomer.org,0,14/02/2006,22:04,157.65
HARVEY,GUAJARDO,HARVEY.GUAJARDO@sakilacustomer.org,1,14/02/2006,22:04,93.78
HAZEL,WARREN,HAZEL.WARREN@sakilacustomer.org,1,14/02/2006,22:04,110.66
HEATHER,MORRIS,HEATHER.MORRIS@sakilacustomer.org,1,14/02/2006,22:04,115.70
HECTOR,POINDEXTER,HECTOR.POINDEXTER@sakilacustomer.org,1,14/02/2006,22:04,119.74
HEIDI,LARSON,HEIDI.LARSON@sakilacustomer.org,0,14/02/2006,22:04,122.66
HELEN,HARRIS,HELEN.HARRIS@sakilacustomer.org,1,14/02/2006,22:04,134.68
HENRY,BILLINGSLEY,HENRY.BILLINGSLEY@sakilacustomer.org,1,14/02/2006,22:04,73.82
HERBERT,KRUGER,HERBERT.KRUGER@sakilacustomer.org,1,14/02/2006,22:04,78.80
HERMAN,DEVORE,HERMAN.DEVORE@sakilacustomer.org,1,14/02/2006,22:04,115.71
HILDA,HOPKINS,HILDA.HOPKINS@sakilacustomer.org,1,14/02/2006,22:04,122.71
HOLLY,FOX,HOLLY.FOX@sakilacustomer.org,1,14/02/2006,22:04,114.69
HOWARD,FORTNER,HOWARD.FORTNER@sakilacustomer.org,1,14/02/2006,22:04,93.74
HUGH,WALDROP,HUGH.WALDROP@sakilacustomer.org,1,14/02/2006,22:04,90.79
IAN,STILL,IAN.STILL@sakilacustomer.org,1,14/02/2006,22:04,96.73
IDA,ANDREWS,IDA.ANDREWS@sakilacustomer.org,1,14/02/2006,22:04,76.77
IRENE,PRICE,IRENE.PRICE@sakilacustomer.org,1,14/02/2006,22:04,77.77
IRMA,PEARSON,IRMA.PEARSON@sakilacustomer.org,1,14/02/2006,22:04,70.82
ISAAC,OGLESBY,ISAAC.OGLESBY@sakilacustomer.org,1,14/02/2006,22:04,126.71
IVAN,CROMWELL,IVAN.CROMWELL@sakilacustomer.org,1,14/02/2006,22:04,99.74
JACK,FOUST,JACK.FOUST@sakilacustomer.org,1,14/02/2006,22:04,89.76
JACKIE,LYNCH,JACKIE.LYNCH@sakilacustomer.org,1,14/02/2006,22:04,93.75
JACOB,LANCE,JACOB.LANCE@sakilacustomer.org,1,14/02/2006,22:04,79.79
JACQUELINE,LONG,JACQUELINE.LONG@sakilacustomer.org,1,14/02/2006,22:04,148.67
JAIME,NETTLES,JAIME.NETTLES@sakilacustomer.org,1,14/02/2006,22:04,126.71
JAMES,GANNON,JAMES.GANNON@sakilacustomer.org,1,14/02/2006,22:04,131.70
JAMIE,RICE,JAMIE.RICE@sakilacustomer.org,1,14/02/2006,22:04,139.71
JAMIE,WAUGH,JAMIE.WAUGH@sakilacustomer.org,1,14/02/2006,22:04,118.75
JANE,BENNETT,JANE.BENNETT@sakilacustomer.org,1,14/02/2006,22:04,100.72
JANET,PHILLIPS,JANET.PHILLIPS@sakilacustomer.org,1,14/02/2006,22:04,127.73
JANICE,WARD,JANICE.WARD@sakilacustomer.org,1,14/02/2006,22:04,144.66
JARED,ELY,JARED.ELY@sakilacustomer.org,1,14/02/2006,22:04,87.81
JASON,MORRISSEY,JASON.MORRISSEY@sakilacustomer.org,1,14/02/2006,22:04,128.72
JAVIER,ELROD,JAVIER.ELROD@sakilacustomer.org,1,14/02/2006,22:04,135.68
JAY,ROBB,JAY.ROBB@sakilacustomer.org,1,14/02/2006,22:04,89.74
JEAN,BELL,JEAN.BELL@sakilacustomer.org,1,14/02/2006,22:04,115.73
JEANETTE,GREENE,JEANETTE.GREENE@sakilacustomer.org,1,14/02/2006,22:04,74.80
JEANNE,LAWSON,JEANNE.LAWSON@sakilacustomer.org,1,14/02/2006,22:04,136.73
JEFF,EAST,JEFF.EAST@sakilacustomer.org,1,14/02/2006,22:04,107.70
JEFFERY,PINSON,JEFFERY.PINSON@sakilacustomer.org,1,14/02/2006,22:04,121.69
JEFFREY,SPEAR,JEFFREY.SPEAR@sakilacustomer.org,1,14/02/2006,22:04,90.77
JENNIE,TERRY,JENNIE.TERRY@sakilacustomer.org,1,14/02/2006,22:04,133.71
JENNIFER,DAVIS,JENNIFER.DAVIS@sakilacustomer.org,1,14/02/2006,22:04,93.72
JENNY,CASTRO,JENNY.CASTRO@sakilacustomer.org,1,14/02/2006,22:04,103.73
JEREMY,HURTADO,JEREMY.HURTADO@sakilacustomer.org,1,14/02/2006,22:04,103.72
JEROME,KENYON,JEROME.KENYON@sakilacustomer.org,1,14/02/2006,22:04,73.84
JERRY,JORDON,JERRY.JORDON@sakilacustomer.org,1,14/02/2006,22:04,143.71
JESSE,SCHILLING,JESSE.SCHILLING@sakilacustomer.org,1,14/02/2006,22:04,101.74
JESSICA,HALL,JESSICA.HALL@sakilacustomer.org,1,14/02/2006,22:04,152.66
JESSIE,BANKS,JESSIE.BANKS@sakilacustomer.org,1,14/02/2006,22:04,91.74
JESSIE,MILAM,JESSIE.MILAM@sakilacustomer.org,1,14/02/2006,22:04,141.67
JESUS,MCCARTNEY,JESUS.MCCARTNEY@sakilacustomer.org,1,14/02/2006,22:04,114.76
JILL,HAWKINS,JILL.HAWKINS@sakilacustomer.org,1,14/02/2006,22:04,68.79
JIM,REA,JIM.REA@sakilacustomer.org,1,14/02/2006,22:04,128.67
JIMMIE,EGGLESTON,JIMMIE.EGGLESTON@sakilacustomer.org,0,14/02/2006,22:04,135.72
JIMMY,SCHRADER,JIMMY.SCHRADER@sakilacustomer.org,1,14/02/2006,22:04,105.71
JO,FOWLER,JO.FOWLER@sakilacustomer.org,1,14/02/2006,22:04,73.80
JOAN,COOPER,JOAN.COOPER@sakilacustomer.org,1,14/02/2006,22:04,84.77
JOANN,GARDNER,JOANN.GARDNER@sakilacustomer.org,1,14/02/2006,22:04,66.84
JOANNE,ROBERTSON,JOANNE.ROBERTSON@sakilacustomer.org,1,14/02/2006,22:04,127.66
JOE,GILLILAND,JOE.GILLILAND@sakilacustomer.org,1,14/02/2006,22:04,138.71
JOEL,FRANCISCO,JOEL.FRANCISCO@sakilacustomer.org,1,14/02/2006,22:04,95.77
JOHN,FARNSWORTH,JOHN.FARNSWORTH@sakilacustomer.org,1,14/02/2006,22:04,137.69
JOHNNIE,CHISHOLM,JOHNNIE.CHISHOLM@sakilacustomer.org,1,14/02/2006,22:04,121.76
JOHNNY,TURPIN,JOHNNY.TURPIN@sakilacustomer.org,1,14/02/2006,22:04,57.81
JON,WILES,JON.WILES@sakilacustomer.org,1,14/02/2006,22:04,87.76
JONATHAN,SCARBOROUGH,JONATHAN.SCARBOROUGH@sakilacustomer.org,1,14/02/2006,22:04,72.82
JORDAN,ARCHULETA,JORDAN.ARCHULETA@sakilacustomer.org,1,14/02/2006,22:04,132.70
JORGE,OLIVARES,JORGE.OLIVARES@sakilacustomer.org,1,14/02/2006,22:04,134.66
JOSE,ANDREW,JOSE.ANDREW@sakilacustomer.org,1,14/02/2006,22:04,96.75
JOSEPH,JOY,JOSEPH.JOY@sakilacustomer.org,1,14/02/2006,22:04,134.70
JOSEPHINE,GOMEZ,JOSEPHINE.GOMEZ@sakilacustomer.org,1,14/02/2006,22:04,109.74
JOSHUA,MARK,JOSHUA.MARK@sakilacustomer.org,1,14/02/2006,22:04,119.70
JOY,GEORGE,JOY.GEORGE@sakilacustomer.org,1,14/02/2006,22:04,124.67
JOYCE,EDWARDS,JOYCE.EDWARDS@sakilacustomer.org,1,14/02/2006,22:04,130.72
JUAN,FRALEY,JUAN.FRALEY@sakilacustomer.org,1,14/02/2006,22:04,73.77
JUANITA,MASON,JUANITA.MASON@sakilacustomer.org,1,14/02/2006,22:04,110.70
JUDITH,COX,JUDITH.COX@sakilacustomer.org,0,14/02/2006,22:04,100.67
JUDY,GRAY,JUDY.GRAY@sakilacustomer.org,1,14/02/2006,22:04,96.75
JULIA,FLORES,JULIA.FLORES@sakilacustomer.org,1,14/02/2006,22:04,134.68
JULIAN,VEST,JULIAN.VEST@sakilacustomer.org,1,14/02/2006,22:04,109.72
JULIE,SANCHEZ,JULIE.SANCHEZ@sakilacustomer.org,1,14/02/2006,22:04,107.71
JULIO,NOLAND,JULIO.NOLAND@sakilacustomer.org,1,14/02/2006,22:04,89.79
JUNE,CARROLL,JUNE.CARROLL@sakilacustomer.org,1,14/02/2006,22:04,173.63
JUSTIN,NGO,JUSTIN.NGO@sakilacustomer.org,1,14/02/2006,22:04,129.64
KAREN,JACKSON,KAREN.JACKSON@sakilacustomer.org,1,14/02/2006,22:04,131.73
KARL,SEAL,KARL.SEAL@sakilacustomer.org,1,14/02/2006,22:04,221.55
KATHERINE,RIVERA,KATHERINE.RIVERA@sakilacustomer.org,1,14/02/2006,22:04,58.86
KATHLEEN,ADAMS,KATHLEEN.ADAMS@sakilacustomer.org,1,14/02/2006,22:04,92.73
KATHRYN,COLEMAN,KATHRYN.COLEMAN@sakilacustomer.org,1,14/02/2006,22:04,130.74
KATHY,JAMES,KATHY.JAMES@sakilacustomer.org,1,14/02/2006,22:04,129.70
KATIE,ELLIOTT,KATIE.ELLIOTT@sakilacustomer.org,1,14/02/2006,22:04,109.75
KAY,CALDWELL,KAY.CALDWELL@sakilacustomer.org,1,14/02/2006,22:04,98.80
KEITH,RICO,KEITH.RICO@sakilacustomer.org,1,14/02/2006,22:04,89.74
KELLY,KNOTT,KELLY.KNOTT@sakilacustomer.org,1,14/02/2006,22:04,107.74
KELLY,TORRES,KELLY.TORRES@sakilacustomer.org,1,14/02/2006,22:04,99.78
KEN,PREWITT,KEN.PREWITT@sakilacustomer.org,1,14/02/2006,22:04,110.71
KENNETH,GOODEN,KENNETH.GOODEN@sakilacustomer.org,0,14/02/2006,22:04,84.83
KENT,ARSENAULT,KENT.ARSENAULT@sakilacustomer.org,1,14/02/2006,22:04,134.73
KEVIN,SCHULER,KEVIN.SCHULER@sakilacustomer.org,1,14/02/2006,22:04,116.78
KIM,CRUZ,KIM.CRUZ@sakilacustomer.org,1,14/02/2006,22:04,82.79
KIMBERLY,LEE,KIMBERLY.LEE@sakilacustomer.org,1,14/02/2006,22:04,95.75
KIRK,STCLAIR,KIRK.STCLAIR@sakilacustomer.org,1,14/02/2006,22:04,64.81
KRISTEN,CHAVEZ,KRISTEN.CHAVEZ@sakilacustomer.org,1,14/02/2006,22:04,87.82
KRISTIN,JOHNSTON,KRISTIN.JOHNSTON@sakilacustomer.org,1,14/02/2006,22:04,116.69
KRISTINA,CHAMBERS,KRISTINA.CHAMBERS@sakilacustomer.org,1,14/02/2006,22:04,109.72
KURT,EMMONS,KURT.EMMONS@sakilacustomer.org,1,14/02/2006,22:04,99.77
KYLE,SPURLOCK,KYLE.SPURLOCK@sakilacustomer.org,1,14/02/2006,22:04,110.70
LANCE,PEMBERTON,LANCE.PEMBERTON@sakilacustomer.org,1,14/02/2006,22:04,82.78
LARRY,THRASHER,LARRY.THRASHER@sakilacustomer.org,1,14/02/2006,22:04,112.74
LAURA,RODRIGUEZ,LAURA.RODRIGUEZ@sakilacustomer.org,1,14/02/2006,22:04,113.78
LAUREN,HUDSON,LAUREN.HUDSON@sakilacustomer.org,1,14/02/2006,22:04,71.80
LAURIE,LAWRENCE,LAURIE.LAWRENCE@sakilacustomer.org,1,14/02/2006,22:04,99.77
LAWRENCE,LAWTON,LAWRENCE.LAWTON@sakilacustomer.org,1,14/02/2006,22:04,100.69
LEAH,CURTIS,LEAH.CURTIS@sakilacustomer.org,1,14/02/2006,22:04,104.75
LEE,HAWKS,LEE.HAWKS@sakilacustomer.org,1,14/02/2006,22:04,119.73
LENA,JENSEN,LENA.JENSEN@sakilacustomer.org,1,14/02/2006,22:04,170.67
LEO,EBERT,LEO.EBERT@sakilacustomer.org,1,14/02/2006,22:04,104.77
LEON,BOSTIC,LEON.BOSTIC@sakilacustomer.org,1,14/02/2006,22:04,109.75
LEONA,OBRIEN,LEONA.OBRIEN@sakilacustomer.org,1,14/02/2006,22:04,50.86
LEONARD,SCHOFIELD,LEONARD.SCHOFIELD@sakilacustomer.org,1,14/02/2006,22:04,109.68
LEROY,BUSTAMANTE,LEROY.BUSTAMANTE@sakilacustomer.org,1,14/02/2006,22:04,118.68
LESLIE,GORDON,LESLIE.GORDON@sakilacustomer.org,1,14/02/2006,22:04,89.78
LESLIE,SEWARD,LESLIE.SEWARD@sakilacustomer.org,1,14/02/2006,22:04,152.65
LESTER,KRAUS,LESTER.KRAUS@sakilacustomer.org,1,14/02/2006,22:04,65.84
LEWIS,LYMAN,LEWIS.LYMAN@sakilacustomer.org,1,14/02/2006,22:04,86.81
LILLIAN,GRIFFIN,LILLIAN.GRIFFIN@sakilacustomer.org,1,14/02/2006,22:04,106.75
LILLIE,KIM,LILLIE.KIM@sakilacustomer.org,1,14/02/2006,22:04,89.77
LINDA,WILLIAMS,LINDA.WILLIAMS@sakilacustomer.org,1,14/02/2006,22:04,135.74
LISA,ANDERSON,LISA.ANDERSON@sakilacustomer.org,1,14/02/2006,22:04,106.76
LLOYD,DOWD,LLOYD.DOWD@sakilacustomer.org,1,14/02/2006,22:04,66.81
LOIS,BUTLER,LOIS.BUTLER@sakilacustomer.org,1,14/02/2006,22:04,113.65
LONNIE,TIRADO,LONNIE.TIRADO@sakilacustomer.org,1,14/02/2006,22:04,94.82
LORETTA,CARPENTER,LORETTA.CARPENTER@sakilacustomer.org,1,14/02/2006,22:04,93.78
LORI,WOOD,LORI.WOOD@sakilacustomer.org,1,14/02/2006,22:04,141.69
LORRAINE,STEPHENS,LORRAINE.STEPHENS@sakilacustomer.org,1,14/02/2006,22:04,86.79
LOUIS,LEONE,LOUIS.LEONE@sakilacustomer.org,1,14/02/2006,22:04,161.65
LOUISE,JENKINS,LOUISE.JENKINS@sakilacustomer.org,1,14/02/2006,22:04,101.75
LUCILLE,HOLMES,LUCILLE.HOLMES@sakilacustomer.org,1,14/02/2006,22:04,108.72
LUCY,WHEELER,LUCY.WHEELER@sakilacustomer.org,1,14/02/2006,22:04,91.74
LUIS,YANEZ,LUIS.YANEZ@sakilacustomer.org,1,14/02/2006,22:04,79.80
LYDIA,BURKE,LYDIA.BURKE@sakilacustomer.org,1,14/02/2006,22:04,82.76
LYNN,PAYNE,LYNN.PAYNE@sakilacustomer.org,1,14/02/2006,22:04,123.72
MABEL,HOLLAND,MABEL.HOLLAND@sakilacustomer.org,1,14/02/2006,22:04,112.70
MAE,FLETCHER,MAE.FLETCHER@sakilacustomer.org,1,14/02/2006,22:04,158.69
MANUEL,MURRELL,MANUEL.MURRELL@sakilacustomer.org,1,14/02/2006,22:04,116.70
MARC,OUTLAW,MARC.OUTLAW@sakilacustomer.org,1,14/02/2006,22:04,123.70
MARCIA,DEAN,MARCIA.DEAN@sakilacustomer.org,1,14/02/2006,22:04,175.58
MARCUS,HIDALGO,MARCUS.HIDALGO@sakilacustomer.org,1,14/02/2006,22:04,115.70
MARGARET,MOORE,MARGARET.MOORE@sakilacustomer.org,1,14/02/2006,22:04,89.77
MARGIE,WADE,MARGIE.WADE@sakilacustomer.org,1,14/02/2006,22:04,159.64
MARIA,MILLER,MARIA.MILLER@sakilacustomer.org,1,14/02/2006,22:04,151.67
MARIAN,MENDOZA,MARIAN.MENDOZA@sakilacustomer.org,1,14/02/2006,22:04,107.77
MARIE,TURNER,MARIE.TURNER@sakilacustomer.org,1,14/02/2006,22:04,114.74
MARILYN,ROSS,MARILYN.ROSS@sakilacustomer.org,1,14/02/2006,22:04,137.70
MARIO,CHEATHAM,MARIO.CHEATHAM@sakilacustomer.org,1,14/02/2006,22:04,112.72
MARION,OCAMPO,MARION.OCAMPO@sakilacustomer.org,1,14/02/2006,22:04,115.71
MARION,SNYDER,MARION.SNYDER@sakilacustomer.org,1,14/02/2006,22:04,194.61
MARJORIE,TUCKER,MARJORIE.TUCKER@sakilacustomer.org,1,14/02/2006,22:04,127.68
MARK,RINEHART,MARK.RINEHART@sakilacustomer.org,1,14/02/2006,22:04,104.74
MARLENE,WELCH,MARLENE.WELCH@sakilacustomer.org,1,14/02/2006,22:04,117.74
MARSHA,DOUGLAS,MARSHA.DOUGLAS@sakilacustomer.org,1,14/02/2006,22:04,151.63
MARSHALL,THORN,MARSHALL.THORN@sakilacustomer.org,1,14/02/2006,22:04,117.77
MARTHA,GONZALEZ,MARTHA.GONZALEZ@sakilacustomer.org,1,14/02/2006,22:04,127.66
MARTIN,BALES,MARTIN.BALES@sakilacustomer.org,1,14/02/2006,22:04,103.73
MARVIN,YEE,MARVIN.YEE@sakilacustomer.org,1,14/02/2006,22:04,75.79
MARY,SMITH,MARY.SMITH@sakilacustomer.org,1,14/02/2006,22:04,118.68
MATHEW,BOLIN,MATHEW.BOLIN@sakilacustomer.org,1,14/02/2006,22:04,90.78
MATTHEW,MAHAN,MATTHEW.MAHAN@sakilacustomer.org,1,14/02/2006,22:04,114.69
MATTIE,HOFFMAN,MATTIE.HOFFMAN@sakilacustomer.org,1,14/02/2006,22:04,64.78
MAUREEN,LITTLE,MAUREEN.LITTLE@sakilacustomer.org,1,14/02/2006,22:04,87.79
MAURICE,CRAWLEY,MAURICE.CRAWLEY@sakilacustomer.org,0,14/02/2006,22:04,138.71
MAX,PITT,MAX.PITT@sakilacustomer.org,1,14/02/2006,22:04,107.76
MAXINE,SILVA,MAXINE.SILVA@sakilacustomer.org,1,14/02/2006,22:04,116.68
MEGAN,PALMER,MEGAN.PALMER@sakilacustomer.org,1,14/02/2006,22:04,92.73
MELANIE,ARMSTRONG,MELANIE.ARMSTRONG@sakilacustomer.org,1,14/02/2006,22:04,92.75
MELINDA,FERNANDEZ,MELINDA.FERNANDEZ@sakilacustomer.org,1,14/02/2006,22:04,80.83
MELISSA,KING,MELISSA.KING@sakilacustomer.org,1,14/02/2006,22:04,123.66
MELVIN,ELLINGTON,MELVIN.ELLINGTON@sakilacustomer.org,1,14/02/2006,22:04,97.74
MICHAEL,SILVERMAN,MICHAEL.SILVERMAN@sakilacustomer.org,1,14/02/2006,22:04,127.71
MICHEAL,FORMAN,MICHEAL.FORMAN@sakilacustomer.org,1,14/02/2006,22:04,102.74
MICHELE,GRANT,MICHELE.GRANT@sakilacustomer.org,1,14/02/2006,22:04,130.70
MICHELLE,CLARK,MICHELLE.CLARK@sakilacustomer.org,1,14/02/2006,22:04,155.65
MIGUEL,BETANCOURT,MIGUEL.BETANCOURT@sakilacustomer.org,1,14/02/2006,22:04,135.71
MIKE,WAY,MIKE.WAY@sakilacustomer.org,1,14/02/2006,22:04,166.65
MILDRED,BAILEY,MILDRED.BAILEY@sakilacustomer.org,1,14/02/2006,22:04,98.75
MILTON,HOWLAND,MILTON.HOWLAND@sakilacustomer.org,1,14/02/2006,22:04,127.75
MINNIE,ROMERO,MINNIE.ROMERO@sakilacustomer.org,1,14/02/2006,22:04,142.66
MIRIAM,MCKINNEY,MIRIAM.MCKINNEY@sakilacustomer.org,1,14/02/2006,22:04,135.74
MISTY,LAMBERT,MISTY.LAMBERT@sakilacustomer.org,1,14/02/2006,22:04,118.73
MITCHELL,WESTMORELAND,MITCHELL.WESTMORELAND@sakilacustomer.org,1,14/02/2006,22:04,134.68
MONICA,HICKS,MONICA.HICKS@sakilacustomer.org,1,14/02/2006,22:04,128.70
MORRIS,MCCARTER,MORRIS.MCCARTER@sakilacustomer.org,1,14/02/2006,22:04,139.66
MYRTLE,FLEMING,MYRTLE.FLEMING@sakilacustomer.org,1,14/02/2006,22:04,110.76
NANCY,THOMAS,NANCY.THOMAS@sakilacustomer.org,1,14/02/2006,22:04,103.72
NAOMI,JENNINGS,NAOMI.JENNINGS@sakilacustomer.org,1,14/02/2006,22:04,152.65
NATALIE,MEYER,NATALIE.MEYER@sakilacustomer.org,1,14/02/2006,22:04,95.77
NATHAN,RUNYON,NATHAN.RUNYON@sakilacustomer.org,0,14/02/2006,22:04,122.68
NATHANIEL,ADAM,NATHANIEL.ADAM@sakilacustomer.org,1,14/02/2006,22:04,133.72
NEIL,RENNER,NEIL.RENNER@sakilacustomer.org,1,14/02/2006,22:04,152.68
NELLIE,GARRETT,NELLIE.GARRETT@sakilacustomer.org,1,14/02/2006,22:04,94.79
NELSON,CHRISTENSON,NELSON.CHRISTENSON@sakilacustomer.org,1,14/02/2006,22:04,77.80
NICHOLAS,BARFIELD,NICHOLAS.BARFIELD@sakilacustomer.org,1,14/02/2006,22:04,145.68
NICOLE,PETERSON,NICOLE.PETERSON@sakilacustomer.org,1,14/02/2006,22:04,94.78
NINA,SOTO,NINA.SOTO@sakilacustomer.org,1,14/02/2006,22:04,123.71
NORA,HERRERA,NORA.HERRERA@sakilacustomer.org,1,14/02/2006,22:04,118.72
NORMA,GONZALES,NORMA.GONZALES@sakilacustomer.org,1,14/02/2006,22:04,79.79
NORMAN,CURRIER,NORMAN.CURRIER@sakilacustomer.org,1,14/02/2006,22:04,80.74
OLGA,JIMENEZ,OLGA.JIMENEZ@sakilacustomer.org,1,14/02/2006,22:04,144.68
OSCAR,AQUINO,OSCAR.AQUINO@sakilacustomer.org,1,14/02/2006,22:04,99.80
PAMELA,BAKER,PAMELA.BAKER@sakilacustomer.org,1,14/02/2006,22:04,95.77
PATRICIA,JOHNSON,PATRICIA.JOHNSON@sakilacustomer.org,1,14/02/2006,22:04,128.73
PATRICK,NEWSOM,PATRICK.NEWSOM@sakilacustomer.org,1,14/02/2006,22:04,119.69
PATSY,DAVIDSON,PATSY.DAVIDSON@sakilacustomer.org,1,14/02/2006,22:04,119.72
PAUL,TROUT,PAUL.TROUT@sakilacustomer.org,1,14/02/2006,22:04,120.77
PAULA,BRYANT,PAULA.BRYANT@sakilacustomer.org,1,14/02/2006,22:04,77.82
PAULINE,HENRY,PAULINE.HENRY@sakilacustomer.org,1,14/02/2006,22:04,98.73
PEARL,GARZA,PEARL.GARZA@sakilacustomer.org,1,14/02/2006,22:04,76.78
PEDRO,CHESTNUT,PEDRO.CHESTNUT@sakilacustomer.org,1,14/02/2006,22:04,103.76
PEGGY,MYERS,PEGGY.MYERS@sakilacustomer.org,1,14/02/2006,22:04,96.76
PENNY,NEAL,PENNY.NEAL@sakilacustomer.org,0,14/02/2006,22:04,68.82
PERRY,SWAFFORD,PERRY.SWAFFORD@sakilacustomer.org,1,14/02/2006,22:04,117.76
PETER,MENARD,PETER.MENARD@sakilacustomer.org,1,14/02/2006,22:04,106.77
PHILIP,CAUSEY,PHILIP.CAUSEY@sakilacustomer.org,1,14/02/2006,22:04,121.69
PHILLIP,HOLM,PHILLIP.HOLM@sakilacustomer.org,1,14/02/2006,22:04,101.74
PHYLLIS,FOSTER,PHYLLIS.FOSTER@sakilacustomer.org,1,14/02/2006,22:04,91.77
PRISCILLA,LOWE,PRISCILLA.LOWE@sakilacustomer.org,1,14/02/2006,22:04,157.65
RACHEL,BARNES,RACHEL.BARNES@sakilacustomer.org,1,14/02/2006,22:04,84.78
RAFAEL,ABNEY,RAFAEL.ABNEY@sakilacustomer.org,1,14/02/2006,22:04,97.79
RALPH,MADRIGAL,RALPH.MADRIGAL@sakilacustomer.org,1,14/02/2006,22:04,150.66
RAMON,CHOATE,RAMON.CHOATE@sakilacustomer.org,1,14/02/2006,22:04,140.69
RAMONA,HALE,RAMONA.HALE@sakilacustomer.org,1,14/02/2006,22:04,129.70
RANDALL,NEUMANN,RANDALL.NEUMANN@sakilacustomer.org,1,14/02/2006,22:04,99.77
RANDY,GAITHER,RANDY.GAITHER@sakilacustomer.org,1,14/02/2006,22:04,110.72
RAUL,FORTIER,RAUL.FORTIER@sakilacustomer.org,1,14/02/2006,22:04,100.80
RAY,HOULE,RAY.HOULE@sakilacustomer.org,1,14/02/2006,22:04,79.78
RAYMOND,MCWHORTER,RAYMOND.MCWHORTER@sakilacustomer.org,1,14/02/2006,22:04,135.70
REBECCA,SCOTT,REBECCA.SCOTT@sakilacustomer.org,1,14/02/2006,22:04,89.76
REGINA,BERRY,REGINA.BERRY@sakilacustomer.org,1,14/02/2006,22:04,135.66
REGINALD,KINDER,REGINALD.KINDER@sakilacustomer.org,1,14/02/2006,22:04,115.72
RENE,MCALISTER,RENE.MCALISTER@sakilacustomer.org,1,14/02/2006,22:04,113.74
RENEE,LANE,RENEE.LANE@sakilacustomer.org,1,14/02/2006,22:04,97.74
RHONDA,KENNEDY,RHONDA.KENNEDY@sakilacustomer.org,1,14/02/2006,22:04,194.61
RICARDO,MEADOR,RICARDO.MEADOR@sakilacustomer.org,1,14/02/2006,22:04,99.79
RICHARD,MCCRARY,RICHARD.MCCRARY@sakilacustomer.org,1,14/02/2006,22:04,109.75
RICK,MATTOX,RICK.MATTOX@sakilacustomer.org,1,14/02/2006,22:04,124.73
RICKY,SHELBY,RICKY.SHELBY@sakilacustomer.org,1,14/02/2006,22:04,91.75
RITA,GRAHAM,RITA.GRAHAM@sakilacustomer.org,1,14/02/2006,22:04,92.76
ROBERT,BAUGHMAN,ROBERT.BAUGHMAN@sakilacustomer.org,1,14/02/2006,22:04,92.79
ROBERTA,HARPER,ROBERTA.HARPER@sakilacustomer.org,1,14/02/2006,22:04,84.77
ROBERTO,VU,ROBERTO.VU@sakilacustomer.org,1,14/02/2006,22:04,139.70
ROBIN,HAYES,ROBIN.HAYES@sakilacustomer.org,1,14/02/2006,22:04,102.76
RODNEY,MOELLER,RODNEY.MOELLER@sakilacustomer.org,1,14/02/2006,22:04,104.77
ROGER,QUINTANILLA,ROGER.QUINTANILLA@sakilacustomer.org,1,14/02/2006,22:04,146.64
ROLAND,SOUTH,ROLAND.SOUTH@sakilacustomer.org,1,14/02/2006,22:04,80.77
RON,DELUCA,RON.DELUCA@sakilacustomer.org,1,14/02/2006,22:04,103.77
RONALD,WEINER,RONALD.WEINER@sakilacustomer.org,1,14/02/2006,22:04,132.70
RONNIE,RICKETTS,RONNIE.RICKETTS@sakilacustomer.org,1,14/02/2006,22:04,100.75
ROSA,REYNOLDS,ROSA.REYNOLDS@sakilacustomer.org,1,14/02/2006,22:04,133.70
ROSE,HOWARD,ROSE.HOWARD@sakilacustomer.org,1,14/02/2006,22:04,103.78
ROSEMARY,SCHMIDT,ROSEMARY.SCHMIDT@sakilacustomer.org,1,14/02/2006,22:04,147.65
ROSS,GREY,ROSS.GREY@sakilacustomer.org,1,14/02/2006,22:04,99.73
ROY,WHITING,ROY.WHITING@sakilacustomer.org,1,14/02/2006,22:04,143.71
RUBEN,GEARY,RUBEN.GEARY@sakilacustomer.org,1,14/02/2006,22:04,89.79
RUBY,WASHINGTON,RUBY.WASHINGTON@sakilacustomer.org,1,14/02/2006,22:04,110.72
RUSSELL,BRINSON,RUSSELL.BRINSON@sakilacustomer.org,1,14/02/2006,22:04,136.64
RUTH,MARTINEZ,RUTH.MARTINEZ@sakilacustomer.org,1,14/02/2006,22:04,125.76
RYAN,SALISBURY,RYAN.SALISBURY@sakilacustomer.org,1,14/02/2006,22:04,142.70
SALLY,PIERCE,SALLY.PIERCE@sakilacustomer.org,1,14/02/2006,22:04,119.68
SALVADOR,TEEL,SALVADOR.TEEL@sakilacustomer.org,1,14/02/2006,22:04,129.70
SAM,MCDUFFIE,SAM.MCDUFFIE@sakilacustomer.org,1,14/02/2006,22:04,117.76
SAMANTHA,DUNCAN,SAMANTHA.DUNCAN@sakilacustomer.org,1,14/02/2006,22:04,71.77
SAMUEL,MARLOW,SAMUEL.MARLOW@sakilacustomer.org,1,14/02/2006,22:04,80.79
SANDRA,MARTIN,SANDRA.MARTIN@sakilacustomer.org,0,14/02/2006,22:04,120.71
SARA,PERRY,SARA.PERRY@sakilacustomer.org,1,14/02/2006,22:04,141.67
SARAH,LEWIS,SARAH.LEWIS@sakilacustomer.org,1,14/02/2006,22:04,119.70
SCOTT,SHELLEY,SCOTT.SHELLEY@sakilacustomer.org,1,14/02/2006,22:04,94.75
SEAN,DOUGLASS,SEAN.DOUGLASS@sakilacustomer.org,1,14/02/2006,22:04,91.77
SERGIO,STANFIELD,SERGIO.STANFIELD@sakilacustomer.org,1,14/02/2006,22:04,108.74
SETH,HANNON,SETH.HANNON@sakilacustomer.org,1,14/02/2006,22:04,112.75
SHANE,MILLARD,SHANE.MILLARD@sakilacustomer.org,1,14/02/2006,22:04,95.78
SHANNON,FREEMAN,SHANNON.FREEMAN@sakilacustomer.org,1,14/02/2006,22:04,100.76
SHARON,ROBINSON,SHARON.ROBINSON@sakilacustomer.org,1,14/02/2006,22:04,115.70
SHAWN,HEATON,SHAWN.HEATON@sakilacustomer.org,1,14/02/2006,22:04,152.67
SHEILA,WELLS,SHEILA.WELLS@sakilacustomer.org,0,14/02/2006,22:04,73.82
SHELLY,WATTS,SHELLY.WATTS@sakilacustomer.org,1,14/02/2006,22:04,113.74
SHERRI,RHODES,SHERRI.RHODES@sakilacustomer.org,1,14/02/2006,22:04,128.67
SHERRY,MARSHALL,SHERRY.MARSHALL@sakilacustomer.org,1,14/02/2006,22:04,153.66
SHIRLEY,ALLEN,SHIRLEY.ALLEN@sakilacustomer.org,1,14/02/2006,22:04,126.69
SIDNEY,BURLESON,SIDNEY.BURLESON@sakilacustomer.org,1,14/02/2006,22:04,108.75
SONIA,GREGORY,SONIA.GREGORY@sakilacustomer.org,1,14/02/2006,22:04,126.72
STACEY,MONTGOMERY,STACEY.MONTGOMERY@sakilacustomer.org,1,14/02/2006,22:04,151.66
STACY,CUNNINGHAM,STACY.CUNNINGHAM@sakilacustomer.org,1,14/02/2006,22:04,98.77
STANLEY,SCROGGINS,STANLEY.SCROGGINS@sakilacustomer.org,1,14/02/2006,22:04,139.70
STELLA,MORENO,STELLA.MORENO@sakilacustomer.org,1,14/02/2006,22:04,104.78
STEPHANIE,MITCHELL,STEPHANIE.MITCHELL@sakilacustomer.org,1,14/02/2006,22:04,118.75
STEPHEN,QUALLS,STEPHEN.QUALLS@sakilacustomer.org,1,14/02/2006,22:04,118.72
STEVE,MACKENZIE,STEVE.MACKENZIE@sakilacustomer.org,1,14/02/2006,22:04,158.66
STEVEN,CURLEY,STEVEN.CURLEY@sakilacustomer.org,1,14/02/2006,22:04,132.71
SUE,PETERS,SUE.PETERS@sakilacustomer.org,1,14/02/2006,22:04,154.60
SUSAN,WILSON,SUSAN.WILSON@sakilacustomer.org,1,14/02/2006,22:04,92.76
SUZANNE,NICHOLS,SUZANNE.NICHOLS@sakilacustomer.org,1,14/02/2006,22:04,94.76
SYLVIA,ORTIZ,SYLVIA.ORTIZ@sakilacustomer.org,1,14/02/2006,22:04,143.68
TAMARA,NGUYEN,TAMARA.NGUYEN@sakilacustomer.org,1,14/02/2006,22:04,93.75
TAMMY,SANDERS,TAMMY.SANDERS@sakilacustomer.org,1,14/02/2006,22:04,155.59
TANYA,GILBERT,TANYA.GILBERT@sakilacustomer.org,1,14/02/2006,22:04,144.67
TARA,RYAN,TARA.RYAN@sakilacustomer.org,1,14/02/2006,22:04,88.80
TED,BREAUX,TED.BREAUX@sakilacustomer.org,1,14/02/2006,22:04,117.71
TERESA,ROGERS,TERESA.ROGERS@sakilacustomer.org,1,14/02/2006,22:04,128.71
TERRANCE,ROUSH,TERRANCE.ROUSH@sakilacustomer.org,0,14/02/2006,22:04,111.71
TERRENCE,GUNDERSON,TERRENCE.GUNDERSON@sakilacustomer.org,1,14/02/2006,22:04,117.70
TERRI,VASQUEZ,TERRI.VASQUEZ@sakilacustomer.org,1,14/02/2006,22:04,126.73
TERRY,CARLSON,TERRY.CARLSON@sakilacustomer.org,1,14/02/2006,22:04,127.71
TERRY,GRISSOM,TERRY.GRISSOM@sakilacustomer.org,1,14/02/2006,22:04,72.80
THELMA,MURRAY,THELMA.MURRAY@sakilacustomer.org,1,14/02/2006,22:04,126.68
THEODORE,CULP,THEODORE.CULP@sakilacustomer.org,0,14/02/2006,22:04,116.69
THERESA,WATSON,THERESA.WATSON@sakilacustomer.org,1,14/02/2006,22:04,99.70
THOMAS,GRIGSBY,THOMAS.GRIGSBY@sakilacustomer.org,1,14/02/2006,22:04,105.75
TIFFANY,JORDAN,TIFFANY.JORDAN@sakilacustomer.org,1,14/02/2006,22:04,59.86
TIM,CARY,TIM.CARY@sakilacustomer.org,1,14/02/2006,22:04,175.61
TIMOTHY,BUNN,TIMOTHY.BUNN@sakilacustomer.org,1,14/02/2006,22:04,91.78
TINA,SIMMONS,TINA.SIMMONS@sakilacustomer.org,1,14/02/2006,22:04,133.72
TODD,TAN,TODD.TAN@sakilacustomer.org,1,14/02/2006,22:04,117.71
TOM,MILNER,TOM.MILNER@sakilacustomer.org,1,14/02/2006,22:04,107.68
TOMMY,COLLAZO,TOMMY.COLLAZO@sakilacustomer.org,1,14/02/2006,22:04,186.62
TONI,HOLT,TONI.HOLT@sakilacustomer.org,1,14/02/2006,22:04,95.77
TONY,CARRANZA,TONY.CARRANZA@sakilacustomer.org,1,14/02/2006,22:04,74.78
TONYA,CHAPMAN,TONYA.CHAPMAN@sakilacustomer.org,1,14/02/2006,22:04,161.68
TRACEY,BARRETT,TRACEY.BARRETT@sakilacustomer.org,1,14/02/2006,22:04,118.73
TRACY,COLE,TRACY.COLE@sakilacustomer.org,1,14/02/2006,22:04,132.70
TRACY,HERRMANN,TRACY.HERRMANN@sakilacustomer.org,1,14/02/2006,22:04,129.72
TRAVIS,ESTEP,TRAVIS.ESTEP@sakilacustomer.org,1,14/02/2006,22:04,110.75
TROY,QUIGLEY,TROY.QUIGLEY@sakilacustomer.org,1,14/02/2006,22:04,144.70
TYLER,WREN,TYLER.WREN@sakilacustomer.org,1,14/02/2006,22:04,88.79
TYRONE,ASHER,TYRONE.ASHER@sakilacustomer.org,1,14/02/2006,22:04,112.76
VALERIE,BLACK,VALERIE.BLACK@sakilacustomer.org,1,14/02/2006,22:04,121.74
VANESSA,SIMS,VANESSA.SIMS@sakilacustomer.org,1,14/02/2006,22:04,86.81
VELMA,LUCAS,VELMA.LUCAS@sakilacustomer.org,1,14/02/2006,22:04,117.73
VERA,MCCOY,VERA.MCCOY@sakilacustomer.org,1,14/02/2006,22:04,67.82
VERNON,CHAPA,VERNON.CHAPA@sakilacustomer.org,1,14/02/2006,22:04,88.82
VERONICA,STONE,VERONICA.STONE@sakilacustomer.org,1,14/02/2006,22:04,126.68
VICKI,FIELDS,VICKI.FIELDS@sakilacustomer.org,1,14/02/2006,22:04,108.75
VICKIE,BREWER,VICKIE.BREWER@sakilacustomer.org,1,14/02/2006,22:04,120.69
VICTOR,BARKLEY,VICTOR.BARKLEY@sakilacustomer.org,1,14/02/2006,22:04,91.76
VICTORIA,GIBSON,VICTORIA.GIBSON@sakilacustomer.org,1,14/02/2006,22:04,111.73
VINCENT,RALSTON,VINCENT.RALSTON@sakilacustomer.org,1,14/02/2006,22:04,105.75
VIOLA,HANSON,VIOLA.HANSON@sakilacustomer.org,1,14/02/2006,22:04,129.68
VIOLET,RODRIQUEZ,VIOLET.RODRIQUEZ@sakilacustomer.org,1,14/02/2006,22:04,142.70
VIRGIL,WOFFORD,VIRGIL.WOFFORD@sakilacustomer.org,1,14/02/2006,22:04,107.73
VIRGINIA,GREEN,VIRGINIA.GREEN@sakilacustomer.org,1,14/02/2006,22:04,129.68
VIVIAN,RUIZ,VIVIAN.RUIZ@sakilacustomer.org,1,14/02/2006,22:04,90.77
WADE,DELVALLE,WADE.DELVALLE@sakilacustomer.org,1,14/02/2006,22:04,83.78
WALLACE,SLONE,WALLACE.SLONE@sakilacustomer.org,1,14/02/2006,22:04,109.75
WALTER,PERRYMAN,WALTER.PERRYMAN@sakilacustomer.org,1,14/02/2006,22:04,127.70
WANDA,PATTERSON,WANDA.PATTERSON@sakilacustomer.org,1,14/02/2006,22:04,145.70
WARREN,SHERROD,WARREN.SHERROD@sakilacustomer.org,1,14/02/2006,22:04,159.67
WAYNE,TRUONG,WAYNE.TRUONG@sakilacustomer.org,1,14/02/2006,22:04,70.81
WENDY,HARRISON,WENDY.HARRISON@sakilacustomer.org,1,14/02/2006,22:04,91.70
WESLEY,BULL,WESLEY.BULL@sakilacustomer.org,1,14/02/2006,22:04,177.60
WILLARD,LUMPKIN,WILLARD.LUMPKIN@sakilacustomer.org,1,14/02/2006,22:04,96.78
WILLIAM,SATTERFIELD,WILLIAM.SATTERFIELD@sakilacustomer.org,1,14/02/2006,22:04,100.74
WILLIE,HOWELL,WILLIE.HOWELL@sakilacustomer.org,1,14/02/2006,22:04,101.74
WILLIE,MARKHAM,WILLIE.MARKHAM@sakilacustomer.org,1,14/02/2006,22:04,101.75
WILMA,RICHARDS,WILMA.RICHARDS@sakilacustomer.org,1,14/02/2006,22:04,91.80
YOLANDA,WEAVER,YOLANDA.WEAVER@sakilacustomer.org,1,14/02/2006,22:04,110.73
YVONNE,WATKINS,YVONNE.WATKINS@sakilacustomer.org,1,14/02/2006,22:04,92.79
ZACHARY,HITE,ZACHARY.HITE@sakilacustomer.org,1,14/02/2006,22:04,146.69
